taxa,region,treename,incl,RL.cat
Erica_abbottii,TEA,TEA&Erica_abbottii,1,VU
Erica_abelii,CAPE,CAPE&Erica_abelii,0,VU
Erica_abietina_ssp._abietina,CAPE,CAPE&Erica_abietina_ssp._abietina,1,LC
Erica_abietina_ssp._atrorosea,CAPE,CAPE&Erica_abietina_ssp._atrorosea,1,LC
Erica_abietina_ssp._constantiana,CAPE,CAPE&Erica_abietina_ssp._constantiana,1,LC
Erica_abietina_ssp._diabolis,CAPE,CAPE&Erica_abietina_ssp._diabolis,1,CR
Erica_accommodata_var._subviscidula,CAPE,CAPE&Erica_accommodata_var._subviscidula,0,LC
Erica_acuta_var._acuta,CAPE,CAPE&Erica_acuta_var._acuta,1,LC
Erica_adnata,CAPE,CAPE&Erica_adnata,1,LC
Erica_aestiva_var._aestiva,TEA,TEA&Erica_aestiva_var._aestiva,0,NE
Erica_affinis,CAPE,CAPE&Erica_affinis,0,NT
Erica_agglutinans,CAPE,CAPE&Erica_agglutinans,1,EN
Erica_albens_var._albens,CAPE,CAPE&Erica_albens_var._albens,1,LC
Erica_albens_var._longiflora,CAPE,CAPE&Erica_albens_var._longiflora,0,NE
Erica_albertyniae,CAPE,CAPE&Erica_albertyniae,1,VU
Erica_albospicata,TEA,TEA&Erica_albospicata,0,LC
Erica_alexandri_ssp._acockii,CAPE,CAPE&Erica_alexandri_ssp._acockii,0,EX
Erica_alexandri_ssp._alexandri,CAPE,CAPE&Erica_alexandri_ssp._alexandri,1,CR
Erica_alfredii,CAPE,CAPE&Erica_alfredii,1,VU
Erica_algida,TEA,TEA&Erica_algida,1,NE
Erica_alnea,CAPE,CAPE&Erica_alnea,0,LC
Erica_alopecurus_var._alopecurus,TEA,TEA&Erica_alopecurus_var._alopecurus,1,NE
Erica_altevivens,CAPE,CAPE&Erica_altevivens,0,LC
Erica_alticola,CAPE,CAPE&Erica_alticola,0,LC
Erica_altiphila,CAPE,CAPE&Erica_altiphila,0,LC
Erica_amalophylla,CAPE,CAPE&Erica_amalophylla,0,NE
Erica_amatolensis,CAPE,CAPE&Erica_amatolensis,0,LC
Erica_amicorum,CAPE,CAPE&Erica_amicorum,0,LC
Erica_amidae,CAPE,CAPE&Erica_amidae,1,VU
Erica_amoena,CAPE,CAPE&Erica_amoena,1,LC
Erica_amphigena,CAPE,CAPE&Erica_amphigena,0,VU
Erica_ampullacea_var._ampullacea,CAPE,CAPE&Erica_ampullacea_var._ampullacea,1,LC
Erica_ampullacea_var._obbata,CAPE,CAPE&Erica_ampullacea_var._obbata,0,NE
Erica_andevalensis,EUR1,EUR1&Erica_andevalensis,1,NT
Erica_andreaei,CAPE,CAPE&Erica_andreaei,0,LC
Erica_andringitrensis,TEA,TEA&Erica_andringitrensis,0,NE
Erica_aneimena,CAPE,CAPE&Erica_aneimena,1,VU
Erica_anemodes,CAPE,CAPE&Erica_anemodes,0,LC
Erica_anguliger,CAPE,CAPE&Erica_anguliger,1,LC
Erica_angulosa,CAPE,CAPE&Erica_angulosa,1,LC
Erica_annalis,CAPE,CAPE&Erica_annalis,0,LC
Erica_annectens,CAPE,CAPE&Erica_annectens,1,VU
Erica_anomala,TEA,TEA&Erica_anomala,0,LC
Erica_arachnocalyx,CAPE,CAPE&Erica_arachnocalyx,1,LC
Erica_arborea,ARB,ARB&Erica_arborea,1,LC
Erica_arborescens,TEA,TEA&Erica_arborescens,1,NE
Erica_arcuata,CAPE,CAPE&Erica_arcuata,1,LC
Erica_ardens,CAPE,CAPE&Erica_ardens,1,LC
Erica_arenaria,CAPE,CAPE&Erica_arenaria,0,NT
Erica_areolata,CAPE,CAPE&Erica_areolata,1,LC
Erica_argentea_var._argentea,CAPE,CAPE&Erica_argentea_var._argentea,1,LC
Erica_argyraea,CAPE,CAPE&Erica_argyraea,0,LC
Erica_aristata_var._aristata,CAPE,CAPE&Erica_aristata_var._aristata,1,LC
Erica_aristifolia,CAPE,CAPE&Erica_aristifolia,0,VU
Erica_armandiana,TEA,TEA&Erica_armandiana,0,NE
Erica_artemisioides,CAPE,CAPE&Erica_artemisioides,1,LC
Erica_articularis_var._articularis,CAPE,CAPE&Erica_articularis_var._articularis,0,LC
Erica_aspalathifolia_var._aspalathifolia,TEA,TEA&Erica_aspalathifolia_var._aspalathifolia,1,LC
Erica_aspalathoides,CAPE,CAPE&Erica_aspalathoides,0,VU
Erica_atherstonei,TEA,TEA&Erica_atherstonei,1,NT
Erica_atricha,CAPE,CAPE&Erica_atricha,0,LC
Erica_atromontana,CAPE,CAPE&Erica_atromontana,1,LC
Erica_atropurpurea,CAPE,CAPE&Erica_atropurpurea,0,LC
Erica_atrovinosa,CAPE,CAPE&Erica_atrovinosa,1,VU
Erica_australis,EUR5,EUR5&Erica_australis,1,NE
Erica_austronyassana,TEA,TEA&Erica_austronyassana,0,NE
Erica_autumnalis,CAPE,CAPE&Erica_autumnalis,1,LC
Erica_axillaris,CAPE,CAPE&Erica_axillaris,1,LC
Erica_axilliflora,CAPE,CAPE&Erica_axilliflora,1,LC
Erica_azaleifolia,CAPE,CAPE&Erica_azaleifolia,0,LC
Erica_azorica,EUR1,EUR1&Erica_azorica,1,NE
Erica_baccans,CAPE,CAPE&Erica_baccans,1,LC
Erica_bakeri,CAPE,CAPE&Erica_bakeri,1,CR
Erica_banksia_ssp._banksia,CAPE,CAPE&Erica_banksia_ssp._banksia,1,LC
Erica_banksia_ssp._comptonii,CAPE,CAPE&Erica_banksia_ssp._comptonii,1,EN
Erica_banksia_ssp._purpurea,CAPE,CAPE&Erica_banksia_ssp._purpurea,1,LC
Erica_barbigeroides,CAPE,CAPE&Erica_barbigeroides,1,LC
Erica_barnettiana,TEA,TEA&Erica_barnettiana,0,NE
Erica_baroniana,TEA,TEA&Erica_baroniana,1,NE
Erica_barrydalensis,CAPE,CAPE&Erica_barrydalensis,0,LC
Erica_bauera_ssp._bauera,CAPE,CAPE&Erica_bauera_ssp._bauera,1,EN
Erica_bauera_ssp._gouriquae,CAPE,CAPE&Erica_bauera_ssp._gouriquae,1,EN
Erica_beatricis,CAPE,CAPE&Erica_beatricis,0,NE
Erica_benguelensis_var._albescens,TEA,TEA&Erica_benguelensis_var._albescens,0,LC
Erica_benguelensis_var._benguelensis,TEA,TEA&Erica_benguelensis_var._benguelensis,1,NE
Erica_benthamiana,CAPE,CAPE&Erica_benthamiana,1,LC
Erica_bergiana_var._bergiana,CAPE,CAPE&Erica_bergiana_var._bergiana,1,LC
Erica_berzelioides,CAPE,CAPE&Erica_berzelioides,0,CR
Erica_betsileana,TEA,TEA&Erica_betsileana,0,NE
Erica_bibax,CAPE,CAPE&Erica_bibax,1,LC
Erica_bicolor,CAPE,CAPE&Erica_bicolor,1,LC
Erica_binaria,CAPE,CAPE&Erica_binaria,0,VU
Erica_blaerioides_ssp._blaerioides,CAPE,CAPE&Erica_blaerioides_ssp._blaerioides,0,LC
Erica_blaerioides_ssp._hirsuta,CAPE,CAPE&Erica_blaerioides_ssp._hirsuta,0,LC
Erica_blancheana,CAPE,CAPE&Erica_blancheana,0,NE
Erica_blandfordia,CAPE,CAPE&Erica_blandfordia,1,LC
Erica_blenna_var._blenna,CAPE,CAPE&Erica_blenna_var._blenna,1,LC
Erica_blenna_var._grandiflora,CAPE,CAPE&Erica_blenna_var._grandiflora,0,NE
Erica_blesbergensis,CAPE,CAPE&Erica_blesbergensis,0,NE
Erica_bodkinii,CAPE,CAPE&Erica_bodkinii,1,LC
Erica_bojeri,TEA,TEA&Erica_bojeri,1,NE
Erica_bokkeveldia,CAPE,CAPE&Erica_bokkeveldia,1,LC
Erica_bolusanthus,CAPE,CAPE&Erica_bolusanthus,1,LC
Erica_bolusiae_var._bolusiae,CAPE,CAPE&Erica_bolusiae_var._bolusiae,0,CR
Erica_borboniifolia,CAPE,CAPE&Erica_borboniifolia,0,LC
Erica_bosseri,TEA,TEA&Erica_bosseri,0,NE
Erica_botryoides,CAPE,CAPE&Erica_botryoides,0,LC
Erica_boucheri,CAPE,CAPE&Erica_boucheri,0,LC
Erica_boutonii,TEA,TEA&Erica_boutonii,1,NE
Erica_brachialis,CAPE,CAPE&Erica_brachialis,1,VU
Erica_brachycentra,CAPE,CAPE&Erica_brachycentra,0,LC
Erica_brachyphylla,TEA,TEA&Erica_brachyphylla,1,NE
Erica_brachysepala,CAPE,CAPE&Erica_brachysepala,1,EN
Erica_bracteolaris,CAPE,CAPE&Erica_bracteolaris,1,LC
Erica_bredasiana,CAPE,CAPE&Erica_bredasiana,0,LC
Erica_brevicaulis,CAPE,CAPE&Erica_brevicaulis,0,LC
Erica_brevifolia,CAPE,CAPE&Erica_brevifolia,1,LC
Erica_brownii,CAPE,CAPE&Erica_brownii,0,LC
Erica_brownleeae,CAPE,CAPE&Erica_brownleeae,0,LC
Erica_bruniades,CAPE,CAPE&Erica_bruniades,1,LC
Erica_bruniifolia_var._bruniifolia,CAPE,CAPE&Erica_bruniifolia_var._bruniifolia,1,LC
Erica_bruniifolia_var._stellata,CAPE,CAPE&Erica_bruniifolia_var._stellata,0,NE
Erica_burchelliana,CAPE,CAPE&Erica_burchelliana,0,CR
Erica_cabernetea,CAPE,CAPE&Erica_cabernetea,1,CR
Erica_caespitosa,CAPE,CAPE&Erica_caespitosa,1,NE
Erica_caffra_var._caffra,CAPE,CAPE&Erica_caffra_var._caffra,1,LC
Erica_caffrorum_var._caffrorum,TEA,TEA&Erica_caffrorum_var._caffrorum,1,NE
Erica_calcareophila,CAPE,CAPE&Erica_calcareophila,1,VU
Erica_calcicola,CAPE,CAPE&Erica_calcicola,1,EN
Erica_caledonica,CAPE,CAPE&Erica_caledonica,1,VU
Erica_calycina,CAPE,CAPE&Erica_calycina,1,LC
Erica_cameronii,CAPE,CAPE&Erica_cameronii,1,LC
Erica_campanularis,CAPE,CAPE&Erica_campanularis,1,LC
Erica_canaliculata,CAPE,CAPE&Erica_canaliculata,1,LC
Erica_canescens,CAPE,CAPE&Erica_canescens,1,LC
Erica_capensis,CAPE,CAPE&Erica_capensis,1,LC
Erica_capitata,CAPE,CAPE&Erica_capitata,1,NT
Erica_caprina,CAPE,CAPE&Erica_caprina,1,VU
Erica_carduifolia,CAPE,CAPE&Erica_carduifolia,0,LC
Erica_carnea,EUR1,EUR1&Erica_carnea,1,NE
Erica_cavartica,CAPE,CAPE&Erica_cavartica,0,NE
Erica_cederbergensis,CAPE,CAPE&Erica_cederbergensis,0,LC
Erica_cedromontana,CAPE,CAPE&Erica_cedromontana,0,LC
Erica_ceraria,CAPE,CAPE&Erica_ceraria,0,LC
Erica_cereris,CAPE,CAPE&Erica_cereris,1,LC
Erica_cerinthoides_var._barbertona,CAPE,CAPE&Erica_cerinthoides_var._barbertona,0,NE
Erica_cerinthoides_var._cerinthoides,CAPE,CAPE&Erica_cerinthoides_var._cerinthoides,1,NE
Erica_cernua,CAPE,CAPE&Erica_cernua,1,LC
Erica_cetrata,CAPE,CAPE&Erica_cetrata,1,LC
Erica_chamissonis_var._chamissonis,CAPE,CAPE&Erica_chamissonis_var._chamissonis,1,LC
Erica_chamissonis_var._polyantha,CAPE,CAPE&Erica_chamissonis_var._polyantha,0,LC
Erica_chartacea,CAPE,CAPE&Erica_chartacea,1,LC
Erica_chionodes,CAPE,CAPE&Erica_chionodes,1,LC
Erica_chionophila,CAPE,CAPE&Erica_chionophila,1,LC
Erica_chiroptera,CAPE,CAPE&Erica_chiroptera,1,LC
Erica_chloroloma,CAPE,CAPE&Erica_chloroloma,0,VU
Erica_chlorosepala,CAPE,CAPE&Erica_chlorosepala,0,VU
Erica_chonantha,CAPE,CAPE&Erica_chonantha,0,LC
Erica_chrysocodon,CAPE,CAPE&Erica_chrysocodon,1,CR
Erica_ciliaris,EUR1,EUR1&Erica_ciliaris,1,NE
Erica_cincta,CAPE,CAPE&Erica_cincta,0,LC
Erica_cinerea,EUR4,EUR4&Erica_cinerea,1,LC
Erica_clavisepala,CAPE,CAPE&Erica_clavisepala,1,LC
Erica_coacervata,CAPE,CAPE&Erica_coacervata,1,LC
Erica_coarctata_var._coarctata,CAPE,CAPE&Erica_coarctata_var._coarctata,1,LC
Erica_coccinea_ssp._coccinea,CAPE,CAPE&Erica_coccinea_ssp._coccinea,1,LC
Erica_coccinea_ssp._uniflora,CAPE,CAPE&Erica_coccinea_ssp._uniflora,1,LC
Erica_collina,CAPE,CAPE&Erica_collina,1,LC
Erica_colorans,CAPE,CAPE&Erica_colorans,1,VU
Erica_columnaris,CAPE,CAPE&Erica_columnaris,0,VU
Erica_comata,CAPE,CAPE&Erica_comata,0,NE
Erica_comorensis_ssp._anjurensis,TEA,TEA&Erica_comorensis_ssp._anjurensis,0,NE
Erica_comorensis_ssp._comorensis,TEA,TEA&Erica_comorensis_ssp._comorensis,0,NE
Erica_condensata_var._condensata,CAPE,CAPE&Erica_condensata_var._condensata,1,LC
Erica_conferta,CAPE,CAPE&Erica_conferta,1,LC
Erica_consobrina,CAPE,CAPE&Erica_consobrina,0,NE
Erica_conspicua_ssp._conspicua,CAPE,CAPE&Erica_conspicua_ssp._conspicua,1,LC
Erica_conspicua_ssp._roseoflora,CAPE,CAPE&Erica_conspicua_ssp._roseoflora,0,LC
Erica_constantia,CAPE,CAPE&Erica_constantia,0,LC
Erica_cooperi_var._cooperi,TEA,TEA&Erica_cooperi_var._cooperi,1,LC
Erica_copiosa_var._copiosa,CAPE,CAPE&Erica_copiosa_var._copiosa,1,LC
Erica_cordata_var._arachnoidea,CAPE,CAPE&Erica_cordata_var._arachnoidea,0,NE
Erica_cordata_var._cordata,CAPE,CAPE&Erica_cordata_var._cordata,1,LC
Erica_corifolia_var._bracteata,CAPE,CAPE&Erica_corifolia_var._bracteata,0,LC
Erica_corifolia_var._corifolia,CAPE,CAPE&Erica_corifolia_var._corifolia,1,LC
Erica_corifolia_var._erectiuscula,CAPE,CAPE&Erica_corifolia_var._erectiuscula,0,LC
Erica_coronanthera,CAPE,CAPE&Erica_coronanthera,0,LC
Erica_coruscans,CAPE,CAPE&Erica_coruscans,0,NE
Erica_corydalis,CAPE,CAPE&Erica_corydalis,1,LC
Erica_costatisepala,CAPE,CAPE&Erica_costatisepala,0,LC
Erica_coventrya,CAPE,CAPE&Erica_coventrya,1,NE
Erica_crassisepala,CAPE,CAPE&Erica_crassisepala,0,LC
Erica_crateriformis,CAPE,CAPE&Erica_crateriformis,0,NE
Erica_cremea,CAPE,CAPE&Erica_cremea,0,VU
Erica_crenata,CAPE,CAPE&Erica_crenata,0,LC
Erica_cristata,CAPE,CAPE&Erica_cristata,1,LC
Erica_cristiflora_var._blanda,CAPE,CAPE&Erica_cristiflora_var._blanda,0,LC
Erica_cristiflora_var._cristiflora,CAPE,CAPE&Erica_cristiflora_var._cristiflora,0,LC
Erica_cristiflora_var._moschata,CAPE,CAPE&Erica_cristiflora_var._moschata,0,LC
Erica_croceovirens,CAPE,CAPE&Erica_croceovirens,1,LC
Erica_cruenta,CAPE,CAPE&Erica_cruenta,1,LC
Erica_cryptanthera,CAPE,CAPE&Erica_cryptanthera,0,NE
Erica_cryptoclada,TEA,TEA&Erica_cryptoclada,1,NE
Erica_cubica_var._cubica,CAPE,CAPE&Erica_cubica_var._cubica,1,LC
Erica_cubica_var._natalensis,CAPE,CAPE&Erica_cubica_var._natalensis,0,LC
Erica_cubitans,CAPE,CAPE&Erica_cubitans,0,LC
Erica_cumuliflora,CAPE,CAPE&Erica_cumuliflora,1,LC
Erica_cunoniensis,CAPE,CAPE&Erica_cunoniensis,0,EN
Erica_curtophylla,CAPE,CAPE&Erica_curtophylla,1,LC
Erica_curviflora_var._curviflora,CAPE,CAPE&Erica_curviflora_var._curviflora,1,LC
Erica_curvifolia,CAPE,CAPE&Erica_curvifolia,1,NE
Erica_curvirostris_var._curvirostris,CAPE,CAPE&Erica_curvirostris_var._curvirostris,1,LC
Erica_curvistyla,CAPE,CAPE&Erica_curvistyla,0,LC
Erica_cuscutiformis,CAPE,CAPE&Erica_cuscutiformis,0,LC
Erica_cygnea,CAPE,CAPE&Erica_cygnea,0,LC
Erica_cylindrica,CAPE,CAPE&Erica_cylindrica,1,LC
Erica_cymosa_ssp._cymosa,CAPE,CAPE&Erica_cymosa_ssp._cymosa,0,LC
Erica_cymosa_ssp._grandiflora,CAPE,CAPE&Erica_cymosa_ssp._grandiflora,0,LC
Erica_cyrilliflora,CAPE,CAPE&Erica_cyrilliflora,1,VU
Erica_danguyana,TEA,TEA&Erica_danguyana,0,NE
Erica_daphniflora,CAPE,CAPE&Erica_daphniflora,1,LC
Erica_deflexa,CAPE,CAPE&Erica_deflexa,1,LC
Erica_demissa,CAPE,CAPE&Erica_demissa,1,LC
Erica_densata,TEA,TEA&Erica_densata,0,NE
Erica_densifolia,CAPE,CAPE&Erica_densifolia,1,LC
Erica_denticulata_var._grandiloba,CAPE,CAPE&Erica_denticulata_var._grandiloba,0,LC
Erica_depressa,CAPE,CAPE&Erica_depressa,1,LC
Erica_dianthifolia,CAPE,CAPE&Erica_dianthifolia,1,LC
Erica_diaphana,CAPE,CAPE&Erica_diaphana,1,LC
Erica_diosmifolia,CAPE,CAPE&Erica_diosmifolia,1,LC
Erica_diotiflora,CAPE,CAPE&Erica_diotiflora,0,EN
Erica_discolor,CAPE,CAPE&Erica_discolor,1,LC
Erica_dispar,CAPE,CAPE&Erica_dispar,1,NT
Erica_dissimulans,TEA,TEA&Erica_dissimulans,1,NE
Erica_distorta,CAPE,CAPE&Erica_distorta,1,LC
Erica_dodii,CAPE,CAPE&Erica_dodii,1,LC
Erica_dolfiana,CAPE,CAPE&Erica_dolfiana,1,LC
Erica_doliiformis,CAPE,CAPE&Erica_doliiformis,1,LC
Erica_dominans,TEA,TEA&Erica_dominans,1,NE
Erica_dracomontana,TEA,TEA&Erica_dracomontana,1,NE
Erica_drakensbergensis,TEA,TEA&Erica_drakensbergensis,1,NE
Erica_dregei,CAPE,CAPE&Erica_dregei,1,EN
Erica_dulcis,CAPE,CAPE&Erica_dulcis,0,NE
Erica_duthieae,CAPE,CAPE&Erica_duthieae,1,LC
Erica_dysantha,CAPE,CAPE&Erica_dysantha,0,EN
Erica_ebracteata,TEA,TEA&Erica_ebracteata,0,LC
Erica_eburnea,CAPE,CAPE&Erica_eburnea,1,LC
Erica_ecklonii,CAPE,CAPE&Erica_ecklonii,1,EN
Erica_eglandulosa,CAPE,CAPE&Erica_eglandulosa,0,NE
Erica_elsieana,CAPE,CAPE&Erica_elsieana,0,EN
Erica_emarginata,CAPE,CAPE&Erica_emarginata,0,NE
Erica_embothriifolia_var._embothriifolia,CAPE,CAPE&Erica_embothriifolia_var._embothriifolia,0,LC
Erica_embothriifolia_var._longiflora,CAPE,CAPE&Erica_embothriifolia_var._longiflora,0,LC
Erica_empetrina,CAPE,CAPE&Erica_empetrina,1,LC
Erica_equisetifolia,CAPE,CAPE&Erica_equisetifolia,1,LC
Erica_erasmia,CAPE,CAPE&Erica_erasmia,1,LC
Erica_eremioides_ssp._eglandula,CAPE,CAPE&Erica_eremioides_ssp._eglandula,0,LC
Erica_eremioides_ssp._eremioides,CAPE,CAPE&Erica_eremioides_ssp._eremioides,1,LC
Erica_eremioides_ssp._pubescens,CAPE,CAPE&Erica_eremioides_ssp._pubescens,0,LC
Erica_ericoides,CAPE,CAPE&Erica_ericoides,1,LC
Erica_erigena,EUR1,EUR1&Erica_erigena,1,NE
Erica_erinus,CAPE,CAPE&Erica_erinus,1,VU
Erica_eriocephala,CAPE,CAPE&Erica_eriocephala,0,LC
Erica_eriocodon,CAPE,CAPE&Erica_eriocodon,0,LC
Erica_eriophoros,CAPE,CAPE&Erica_eriophoros,1,VU
Erica_esterhuyseniae,CAPE,CAPE&Erica_esterhuyseniae,1,LC
Erica_esteriana_ssp._esteriana,CAPE,CAPE&Erica_esteriana_ssp._esteriana,1,LC
Erica_esteriana_ssp._swartbergensis,CAPE,CAPE&Erica_esteriana_ssp._swartbergensis,0,LC
Erica_ethelae,CAPE,CAPE&Erica_ethelae,0,NE
Erica_eugenea,CAPE,CAPE&Erica_eugenea,1,LC
Erica_eustacei,CAPE,CAPE&Erica_eustacei,1,LC
Erica_evansii,TEA,TEA&Erica_evansii,1,NE
Erica_excavata,CAPE,CAPE&Erica_excavata,1,LC
Erica_exleeana,CAPE,CAPE&Erica_exleeana,1,LC
Erica_extrusa,CAPE,CAPE&Erica_extrusa,1,CR
Erica_fairii,CAPE,CAPE&Erica_fairii,1,VU
Erica_fascicularis_var._fascicularis,CAPE,CAPE&Erica_fascicularis_var._fascicularis,1,LC
Erica_fascicularis_var._imperialis,CAPE,CAPE&Erica_fascicularis_var._imperialis,0,NE
Erica_fastigiata_var._fastigiata,CAPE,CAPE&Erica_fastigiata_var._fastigiata,1,LC
Erica_fausta,CAPE,CAPE&Erica_fausta,1,LC
Erica_feminarum,CAPE,CAPE&Erica_feminarum,0,CR
Erica_ferrea,CAPE,CAPE&Erica_ferrea,1,NT
Erica_filago,TEA,TEA&Erica_filago,1,NE
Erica_filamentosa,CAPE,CAPE&Erica_filamentosa,1,EN
Erica_filialis,CAPE,CAPE&Erica_filialis,0,VU
Erica_filiformis_var._filiformis,CAPE,CAPE&Erica_filiformis_var._filiformis,1,VU
Erica_filiformis_var._longibracteata,CAPE,CAPE&Erica_filiformis_var._longibracteata,0,NE
Erica_filipendula_ssp._filipendula,CAPE,CAPE&Erica_filipendula_ssp._filipendula,1,LC
Erica_filipendula_ssp._parva,CAPE,CAPE&Erica_filipendula_ssp._parva,1,LC
Erica_fimbriata,CAPE,CAPE&Erica_fimbriata,1,LC
Erica_flacca,CAPE,CAPE&Erica_flacca,1,LC
Erica_flaccida,CAPE,CAPE&Erica_flaccida,0,NE
Erica_flanaganii,CAPE,CAPE&Erica_flanaganii,1,NE
Erica_flavicoma,CAPE,CAPE&Erica_flavicoma,1,NE
Erica_flexistyla,CAPE,CAPE&Erica_flexistyla,1,EN
Erica_floccifera,CAPE,CAPE&Erica_floccifera,1,VU
Erica_flocciflora,CAPE,CAPE&Erica_flocciflora,0,NT
Erica_florifera,CAPE,CAPE&Erica_florifera,1,LC
Erica_foliacea_ssp._foliacea,CAPE,CAPE&Erica_foliacea_ssp._foliacea,0,EN
Erica_foliacea_ssp._fulgens,CAPE,CAPE&Erica_foliacea_ssp._fulgens,0,EX
Erica_fontana,CAPE,CAPE&Erica_fontana,1,LC
Erica_formosa,CAPE,CAPE&Erica_formosa,0,LC
Erica_frigida,TEA,TEA&Erica_frigida,1,LC
Erica_fuscescens,CAPE,CAPE&Erica_fuscescens,0,LC
Erica_galgebergensis,CAPE,CAPE&Erica_galgebergensis,0,VU
Erica_galioides,TEA,TEA&Erica_galioides,1,NE
Erica_galpinii,CAPE,CAPE&Erica_galpinii,0,EN
Erica_garciae,CAPE,CAPE&Erica_garciae,1,VU
Erica_genistifolia,CAPE,CAPE&Erica_genistifolia,1,LC
Erica_georgica,CAPE,CAPE&Erica_georgica,1,LC
Erica_gerhardii,CAPE,CAPE&Erica_gerhardii,1,CR
Erica_gibbosa,CAPE,CAPE&Erica_gibbosa,1,NE
Erica_gigantea,CAPE,CAPE&Erica_gigantea,1,LC
Erica_gillii,CAPE,CAPE&Erica_gillii,0,VU
Erica_glabella_ssp._glabella,CAPE,CAPE&Erica_glabella_ssp._glabella,0,LC
Erica_glabella_ssp._laevis,CAPE,CAPE&Erica_glabella_ssp._laevis,1,LC
Erica_glabripes,CAPE,CAPE&Erica_glabripes,0,LC
Erica_glandulifera,CAPE,CAPE&Erica_glandulifera,1,LC
Erica_glandulipila,CAPE,CAPE&Erica_glandulipila,1,LC
Erica_glandulosa_ssp._bondiae,CAPE,CAPE&Erica_glandulosa_ssp._bondiae,0,LC
Erica_glandulosa_ssp._breviflora,CAPE,CAPE&Erica_glandulosa_ssp._breviflora,0,EN
Erica_glandulosa_ssp._fourcadei,CAPE,CAPE&Erica_glandulosa_ssp._fourcadei,1,VU
Erica_glandulosa_ssp._glandulosa,CAPE,CAPE&Erica_glandulosa_ssp._glandulosa,1,LC
Erica_glaphyra,TEA,TEA&Erica_glaphyra,1,NE
Erica_glauca_var._elegans,CAPE,CAPE&Erica_glauca_var._elegans,1,LC
Erica_glauca_var._glauca,CAPE,CAPE&Erica_glauca_var._glauca,1,LC
Erica_globiceps_ssp._consors,CAPE,CAPE&Erica_globiceps_ssp._consors,1,LC
Erica_globiceps_ssp._globiceps,CAPE,CAPE&Erica_globiceps_ssp._globiceps,0,LC
Erica_globiceps_ssp._gracilis,CAPE,CAPE&Erica_globiceps_ssp._gracilis,1,LC
Erica_globulifera,CAPE,CAPE&Erica_globulifera,0,LC
Erica_glomiflora_var._glomiflora,CAPE,CAPE&Erica_glomiflora_var._glomiflora,1,LC
Erica_glumiflora,CAPE,CAPE&Erica_glumiflora,0,VU
Erica_glutinosa_var._glutinosa,CAPE,CAPE&Erica_glutinosa_var._glutinosa,1,LC
Erica_gnaphaloides,CAPE,CAPE&Erica_gnaphaloides,1,LC
Erica_goatcheriana_var._petrensis,CAPE,CAPE&Erica_goatcheriana_var._petrensis,1,LC
Erica_gossypioides,CAPE,CAPE&Erica_gossypioides,0,EN
Erica_goudotiana,TEA,TEA&Erica_goudotiana,1,NE
Erica_gracilipes,CAPE,CAPE&Erica_gracilipes,1,CR
Erica_gracilis,CAPE,CAPE&Erica_gracilis,1,LC
Erica_grandiflora_ssp._grandiflora,CAPE,CAPE&Erica_grandiflora_ssp._grandiflora,1,LC
Erica_grandiflora_ssp._perfoliosa,CAPE,CAPE&Erica_grandiflora_ssp._perfoliosa,1,VU
Erica_granulatifolia,CAPE,CAPE&Erica_granulatifolia,0,VU
Erica_grata,CAPE,CAPE&Erica_grata,1,LC
Erica_greyi,CAPE,CAPE&Erica_greyi,1,NE
Erica_grisbrookii,CAPE,CAPE&Erica_grisbrookii,1,LC
Erica_guthriei_var._strictior,CAPE,CAPE&Erica_guthriei_var._strictior,0,NE
Erica_gysbertii_var._gysbertii,CAPE,CAPE&Erica_gysbertii_var._gysbertii,1,LC
Erica_haemastoma,CAPE,CAPE&Erica_haemastoma,1,NE
Erica_haematocodon,CAPE,CAPE&Erica_haematocodon,1,LC
Erica_haematosiphon,CAPE,CAPE&Erica_haematosiphon,0,LC
Erica_halicacaba,CAPE,CAPE&Erica_halicacaba,1,LC
Erica_hameriana,CAPE,CAPE&Erica_hameriana,0,NE
Erica_hanekomii,CAPE,CAPE&Erica_hanekomii,1,EN
Erica_hansfordii,CAPE,CAPE&Erica_hansfordii,1,CR
Erica_harveiana,CAPE,CAPE&Erica_harveiana,0,LC
Erica_hebdomadalis,CAPE,CAPE&Erica_hebdomadalis,0,LC
Erica_hebeclada,TEA,TEA&Erica_hebeclada,1,NE
Erica_heleogena,CAPE,CAPE&Erica_heleogena,1,CR
Erica_heliophila,CAPE,CAPE&Erica_heliophila,1,NE
Erica_hendricksei,CAPE,CAPE&Erica_hendricksei,1,VU
Erica_hermani,CAPE,CAPE&Erica_hermani,1,EN
Erica_heterophylla,CAPE,CAPE&Erica_heterophylla,0,NE
Erica_hexandra,TEA,TEA&Erica_hexandra,1,LC
Erica_hexensis,CAPE,CAPE&Erica_hexensis,0,LC
Erica_hibbertia,CAPE,CAPE&Erica_hibbertia,1,CR
Erica_hillburttii,TEA,TEA&Erica_hillburttii,1,CR
Erica_hippurus,CAPE,CAPE&Erica_hippurus,0,EN
Erica_hirta,CAPE,CAPE&Erica_hirta,1,LC
Erica_hirtiflora_var._hirtiflora,CAPE,CAPE&Erica_hirtiflora_var._hirtiflora,1,LC
Erica_hispidula_var._hispidula,CAPE,CAPE&Erica_hispidula_var._hispidula,1,LC
Erica_hispidula_var._micrantha,CAPE,CAPE&Erica_hispidula_var._micrantha,0,NE
Erica_hispidula_var._serpyllifolia,CAPE,CAPE&Erica_hispidula_var._serpyllifolia,0,NE
Erica_hispiduloides,CAPE,CAPE&Erica_hispiduloides,1,LC
Erica_holosericea_var._holosericea,CAPE,CAPE&Erica_holosericea_var._holosericea,1,LC
Erica_holtii,TEA,TEA&Erica_holtii,1,LC
Erica_hottentotica,CAPE,CAPE&Erica_hottentotica,1,LC
Erica_humansdorpensis,CAPE,CAPE&Erica_humansdorpensis,0,CR
Erica_humbertii,TEA,TEA&Erica_humbertii,1,NE
Erica_humidicola,CAPE,CAPE&Erica_humidicola,1,EN
Erica_humifusa,CAPE,CAPE&Erica_humifusa,1,LC
Erica_ibityensis,TEA,TEA&Erica_ibityensis,0,NE
Erica_ignita,CAPE,CAPE&Erica_ignita,0,VU
Erica_imbricata,CAPE,CAPE&Erica_imbricata,1,LC
Erica_imerinensis,TEA,TEA&Erica_imerinensis,0,NE
Erica_inaequalis,CAPE,CAPE&Erica_inaequalis,1,LC
Erica_incarnata,CAPE,CAPE&Erica_incarnata,1,LC
Erica_inclusa,CAPE,CAPE&Erica_inclusa,0,LC
Erica_inconstans,CAPE,CAPE&Erica_inconstans,0,VU
Erica_inflata,CAPE,CAPE&Erica_inflata,1,LC
Erica_inflaticalyx,CAPE,CAPE&Erica_inflaticalyx,0,LC
Erica_infundibuliformis,CAPE,CAPE&Erica_infundibuliformis,1,LC
Erica_ingeana,CAPE,CAPE&Erica_ingeana,1,LC
Erica_innovans,CAPE,CAPE&Erica_innovans,1,EN
Erica_inordinata,CAPE,CAPE&Erica_inordinata,1,LC
Erica_insignis,CAPE,CAPE&Erica_insignis,1,LC
Erica_insolitanthera,CAPE,CAPE&Erica_insolitanthera,0,VU
Erica_intermedia_ssp._albiflora,CAPE,CAPE&Erica_intermedia_ssp._albiflora,1,LC
Erica_intermedia_ssp._intermedia,CAPE,CAPE&Erica_intermedia_ssp._intermedia,1,LC
Erica_interrupta,CAPE,CAPE&Erica_interrupta,1,CR
Erica_intervallaris_var._intervallaris,CAPE,CAPE&Erica_intervallaris_var._intervallaris,1,LC
Erica_intonsa,CAPE,CAPE&Erica_intonsa,1,NE
Erica_intricata,CAPE,CAPE&Erica_intricata,0,VU
Erica_involucrata,CAPE,CAPE&Erica_involucrata,0,LC
Erica_involvens,CAPE,CAPE&Erica_involvens,0,NE
Erica_ioniana,CAPE,CAPE&Erica_ioniana,1,LC
Erica_irbyana,CAPE,CAPE&Erica_irbyana,1,LC
Erica_irregularis,CAPE,CAPE&Erica_irregularis,1,EN
Erica_irrorata,CAPE,CAPE&Erica_irrorata,1,LC
Erica_isaloensis,TEA,TEA&Erica_isaloensis,1,NE
Erica_ixanthera,CAPE,CAPE&Erica_ixanthera,0,EN
Erica_jacksoniana,CAPE,CAPE&Erica_jacksoniana,1,LC
Erica_jananthus,CAPE,CAPE&Erica_jananthus,0,VU
Erica_jasminiflora,CAPE,CAPE&Erica_jasminiflora,1,CR
Erica_johnstoniana,TEA,TEA&Erica_johnstoniana,1,NE
Erica_jonasiana,CAPE,CAPE&Erica_jonasiana,1,LC
Erica_jugicola,CAPE,CAPE&Erica_jugicola,0,LC
Erica_jumellei,TEA,TEA&Erica_jumellei,0,NE
Erica_juniperina,CAPE,CAPE&Erica_juniperina,1,EN
Erica_junonia_var._junonia,CAPE,CAPE&Erica_junonia_var._junonia,1,VU
Erica_junonia_var._minor,CAPE,CAPE&Erica_junonia_var._minor,1,LC
Erica_kammanassieae,CAPE,CAPE&Erica_kammanassieae,0,LC
Erica_karooica,CAPE,CAPE&Erica_karooica,1,LC
Erica_karwyderi,CAPE,CAPE&Erica_karwyderi,1,CR
Erica_keeromsbergensis,CAPE,CAPE&Erica_keeromsbergensis,0,LC
Erica_keetii,CAPE,CAPE&Erica_keetii,0,NE
Erica_kingaensis_ssp._bequaertii,KIN,KIN&Erica_kingaensis_ssp._bequaertii,0,NE
Erica_kingaensis_ssp._kingaensis,KIN,KIN&Erica_kingaensis_ssp._kingaensis,1,NE
Erica_kingaensis_ssp._rugegensis,KIN,KIN&Erica_kingaensis_ssp._rugegensis,1,NE
Erica_kirstenii,CAPE,CAPE&Erica_kirstenii,0,LC
Erica_klotzschii,CAPE,CAPE&Erica_klotzschii,1,LC
Erica_kogelbergensis,CAPE,CAPE&Erica_kogelbergensis,0,LC
Erica_kraussiana,CAPE,CAPE&Erica_kraussiana,0,CR
Erica_krugeri,CAPE,CAPE&Erica_krugeri,1,LC
Erica_labialis,CAPE,CAPE&Erica_labialis,1,LC
Erica_lachnaeifolia,CAPE,CAPE&Erica_lachnaeifolia,1,LC
Erica_laeta,CAPE,CAPE&Erica_laeta,1,LC
Erica_lageniformis,CAPE,CAPE&Erica_lageniformis,0,EN
Erica_lananthera,CAPE,CAPE&Erica_lananthera,0,LC
Erica_lanceolifera,TEA,TEA&Erica_lanceolifera,1,VU
Erica_langebergensis,CAPE,CAPE&Erica_langebergensis,0,LC
Erica_lanipes,CAPE,CAPE&Erica_lanipes,0,LC
Erica_lanuginosa,CAPE,CAPE&Erica_lanuginosa,1,LC
Erica_lasciva,CAPE,CAPE&Erica_lasciva,1,LC
Erica_lasiocarpa,TEA,TEA&Erica_lasiocarpa,0,NE
Erica_lateralis,CAPE,CAPE&Erica_lateralis,1,LC
Erica_lateriflora,CAPE,CAPE&Erica_lateriflora,1,VU
Erica_latiflora,CAPE,CAPE&Erica_latiflora,1,CR
Erica_latifolia,CAPE,CAPE&Erica_latifolia,0,NE
Erica_latituba,CAPE,CAPE&Erica_latituba,1,LC
Erica_lavandulifolia,CAPE,CAPE&Erica_lavandulifolia,1,LC
Erica_lawsonia,CAPE,CAPE&Erica_lawsonia,0,LC
Erica_lecomtei_ssp._lecomtei,TEA,TEA&Erica_lecomtei_ssp._lecomtei,0,NE
Erica_lecomtei_ssp._ravinakely,TEA,TEA&Erica_lecomtei_ssp._ravinakely,0,NE
Erica_lehmannii,CAPE,CAPE&Erica_lehmannii,1,LC
Erica_lepidota,CAPE,CAPE&Erica_lepidota,1,LC
Erica_leptantha,CAPE,CAPE&Erica_leptantha,0,NE
Erica_leptopus,CAPE,CAPE&Erica_leptopus,1,LC
Erica_lerouxiae,CAPE,CAPE&Erica_lerouxiae,0,EN
Erica_leucantha,CAPE,CAPE&Erica_leucantha,0,LC
Erica_leucanthera,CAPE,CAPE&Erica_leucanthera,1,LC
Erica_leucoclada,TEA,TEA&Erica_leucoclada,0,NE
Erica_leucodesmia,CAPE,CAPE&Erica_leucodesmia,1,LC
Erica_leucopelta_var._leucopelta,CAPE,CAPE&Erica_leucopelta_var._leucopelta,1,NE
Erica_leucosiphon,CAPE,CAPE&Erica_leucosiphon,1,LC
Erica_leucotrachela_ssp._leucotrachela,CAPE,CAPE&Erica_leucotrachela_ssp._leucotrachela,1,LC
Erica_leucotrachela_ssp._monicae,CAPE,CAPE&Erica_leucotrachela_ssp._monicae,0,LC
Erica_lignosa,CAPE,CAPE&Erica_lignosa,1,LC
Erica_limnophila,CAPE,CAPE&Erica_limnophila,0,LC
Erica_limosa,CAPE,CAPE&Erica_limosa,0,VU
Erica_lithophila,CAPE,CAPE&Erica_lithophila,1,LC
Erica_loganii,CAPE,CAPE&Erica_loganii,1,LC
Erica_longiaristata,CAPE,CAPE&Erica_longiaristata,0,NE
Erica_longimontana,CAPE,CAPE&Erica_longimontana,1,LC
Erica_longipedunculata_var._intermedia,CAPE,CAPE&Erica_longipedunculata_var._intermedia,0,LC
Erica_longipedunculata_var._longipedunculata,CAPE,CAPE&Erica_longipedunculata_var._longipedunculata,0,LC
Erica_longipedunculata_var._setifera,CAPE,CAPE&Erica_longipedunculata_var._setifera,0,LC
Erica_lucida_var._lucida,CAPE,CAPE&Erica_lucida_var._lucida,1,LC
Erica_lusitanica,ARB,ARB&Erica_lusitanica,1,LC
Erica_lutea,CAPE,CAPE&Erica_lutea,1,LC
Erica_lyallii,TEA,TEA&Erica_lyallii,0,NE
Erica_lycopodiastrum,CAPE,CAPE&Erica_lycopodiastrum,0,LC
Erica_macilenta,CAPE,CAPE&Erica_macilenta,0,NE
Erica_mackayana,EUR1,EUR1&Erica_mackayana,1,LC
Erica_macowanii_ssp._lanceolata,CAPE,CAPE&Erica_macowanii_ssp._lanceolata,0,LC
Erica_macowanii_ssp._macowanii,CAPE,CAPE&Erica_macowanii_ssp._macowanii,1,LC
Erica_macrocalyx,TEA,TEA&Erica_macrocalyx,0,NE
Erica_macroloma,CAPE,CAPE&Erica_macroloma,1,LC
Erica_macrophylla,CAPE,CAPE&Erica_macrophylla,0,LC
Erica_madagascariensis,TEA,TEA&Erica_madagascariensis,1,NE
Erica_maderensis,EUR4,EUR4&Erica_maderensis,1,CR
Erica_maderi,CAPE,CAPE&Erica_maderi,1,LC
Erica_madida,CAPE,CAPE&Erica_madida,1,LC
Erica_maesta_var._longistyla,TEA,TEA&Erica_maesta_var._longistyla,0,NE
Erica_mafiensis,TEA,TEA&Erica_mafiensis,0,VU
Erica_magistrati,CAPE,CAPE&Erica_magistrati,1,LC
Erica_magnisylvae,CAPE,CAPE&Erica_magnisylvae,1,VU
Erica_malmesburiensis,CAPE,CAPE&Erica_malmesburiensis,1,CR
Erica_mammosa,CAPE,CAPE&Erica_mammosa,1,LC
Erica_manipuliflora,EUR1,EUR1&Erica_manipuliflora,1,NE
Erica_mannii_ssp._mannii,TEA,TEA&Erica_mannii_ssp._mannii,0,NE
Erica_mannii_ssp._pallidiflora,TEA,TEA&Erica_mannii_ssp._pallidiflora,0,NE
Erica_mannii_ssp._usambarensis,TEA,TEA&Erica_mannii_ssp._usambarensis,1,NE
Erica_margaritacea,CAPE,CAPE&Erica_margaritacea,1,CR
Erica_marifolia,CAPE,CAPE&Erica_marifolia,1,VU
Erica_maritima,CAPE,CAPE&Erica_maritima,0,LC
Erica_marlothii,CAPE,CAPE&Erica_marlothii,0,LC
Erica_marojejyensis,TEA,TEA&Erica_marojejyensis,0,NE
Erica_massonii_var._massonii,CAPE,CAPE&Erica_massonii_var._massonii,1,LC
Erica_massonii_var._minor,CAPE,CAPE&Erica_massonii_var._minor,0,NE
Erica_mauritanica,CAPE,CAPE&Erica_mauritanica,0,LC
Erica_mauritiensis,TEA,TEA&Erica_mauritiensis,1,NE
Erica_maximiliani,CAPE,CAPE&Erica_maximiliani,1,LC
Erica_melanacme,CAPE,CAPE&Erica_melanacme,0,EN
Erica_melanomontana,CAPE,CAPE&Erica_melanomontana,0,LC
Erica_melanthera,CAPE,CAPE&Erica_melanthera,1,LC
Erica_melastoma_ssp._melastoma,CAPE,CAPE&Erica_melastoma_ssp._melastoma,1,LC
Erica_melastoma_ssp._minor,CAPE,CAPE&Erica_melastoma_ssp._minor,1,EN
Erica_micrandra,CAPE,CAPE&Erica_micrandra,0,NE
Erica_microdonta,TEA,TEA&Erica_microdonta,1,NE
Erica_milanjiana,TEA,TEA&Erica_milanjiana,0,NE
Erica_miniscula,CAPE,CAPE&Erica_miniscula,0,NE
Erica_minutifolia,TEA,TEA&Erica_minutifolia,0,NE
Erica_mira,CAPE,CAPE&Erica_mira,1,LC
Erica_mitchelliensis,CAPE,CAPE&Erica_mitchelliensis,0,LC
Erica_modesta,CAPE,CAPE&Erica_modesta,1,EN
Erica_mollis,CAPE,CAPE&Erica_mollis,1,LC
Erica_monadelphia,CAPE,CAPE&Erica_monadelphia,1,LC
Erica_monantha,CAPE,CAPE&Erica_monantha,0,NE
Erica_monsoniana_var._monsoniana,CAPE,CAPE&Erica_monsoniana_var._monsoniana,1,LC
Erica_montis_hominis,CAPE,CAPE&Erica_montis_hominis,1,VU
Erica_mucronata,CAPE,CAPE&Erica_mucronata,0,LC
Erica_multiflexuosa,CAPE,CAPE&Erica_multiflexuosa,1,VU
Erica_multiflora,EUR1,EUR1&Erica_multiflora,1,NE
Erica_multumbellifera,CAPE,CAPE&Erica_multumbellifera,1,LC
Erica_mundii,CAPE,CAPE&Erica_mundii,0,NE
Erica_muscosa,CAPE,CAPE&Erica_muscosa,1,LC
Erica_myriadenia,TEA,TEA&Erica_myriadenia,1,NE
Erica_myriocodon,CAPE,CAPE&Erica_myriocodon,0,LC
Erica_nabea,CAPE,CAPE&Erica_nabea,1,LC
Erica_nana,CAPE,CAPE&Erica_nana,1,VU
Erica_natalitia_var._natalitia,CAPE,CAPE&Erica_natalitia_var._natalitia,1,LC
Erica_navigatoris,CAPE,CAPE&Erica_navigatoris,0,VU
Erica_nematophylla,CAPE,CAPE&Erica_nematophylla,1,VU
Erica_nemorosa,CAPE,CAPE&Erica_nemorosa,1,LC
Erica_nervata,CAPE,CAPE&Erica_nervata,1,LC
Erica_nevillei,CAPE,CAPE&Erica_nevillei,1,LC
Erica_newdigatei,CAPE,CAPE&Erica_newdigatei,0,LC
Erica_nidularia,CAPE,CAPE&Erica_nidularia,0,NE
Erica_nigrimontana,CAPE,CAPE&Erica_nigrimontana,0,NE
Erica_nivea,CAPE,CAPE&Erica_nivea,0,NE
Erica_niveniana,CAPE,CAPE&Erica_niveniana,1,VU
Erica_notholeeana,CAPE,CAPE&Erica_notholeeana,0,LC
Erica_nubigena,CAPE,CAPE&Erica_nubigena,1,LC
Erica_nudiflora,CAPE,CAPE&Erica_nudiflora,1,LC
Erica_nutans,CAPE,CAPE&Erica_nutans,1,LC
Erica_nyassana,TEA,TEA&Erica_nyassana,0,EN
Erica_oakesiorum,CAPE,CAPE&Erica_oakesiorum,0,EN
Erica_oatesii_var._oatesii,TEA,TEA&Erica_oatesii_var._oatesii,1,LC
Erica_obconica,CAPE,CAPE&Erica_obconica,0,NE
Erica_obliqua,CAPE,CAPE&Erica_obliqua,1,LC
Erica_oblongiflora,CAPE,CAPE&Erica_oblongiflora,1,EN
Erica_obtusata,CAPE,CAPE&Erica_obtusata,1,LC
Erica_occulta,CAPE,CAPE&Erica_occulta,1,VU
Erica_ocellata,CAPE,CAPE&Erica_ocellata,1,LC
Erica_octonaria,CAPE,CAPE&Erica_octonaria,0,NE
Erica_odorata,CAPE,CAPE&Erica_odorata,1,LC
Erica_oligantha,CAPE,CAPE&Erica_oligantha,1,EN
Erica_oliveri,CAPE,CAPE&Erica_oliveri,1,LC
Erica_omninoglabra,CAPE,CAPE&Erica_omninoglabra,0,LC
Erica_onusta,CAPE,CAPE&Erica_onusta,0,CR
Erica_oophylla,CAPE,CAPE&Erica_oophylla,0,LC
Erica_opulenta,CAPE,CAPE&Erica_opulenta,1,LC
Erica_orculiflora,CAPE,CAPE&Erica_orculiflora,0,LC
Erica_oreophila,CAPE,CAPE&Erica_oreophila,0,LC
Erica_oreotragus,CAPE,CAPE&Erica_oreotragus,1,LC
Erica_oresigena,CAPE,CAPE&Erica_oresigena,1,LC
Erica_orientalis,CAPE,CAPE&Erica_orientalis,1,NE
Erica_orthiocola,CAPE,CAPE&Erica_orthiocola,0,EN
Erica_ostiaria,CAPE,CAPE&Erica_ostiaria,0,NE
Erica_outeniquae,CAPE,CAPE&Erica_outeniquae,0,VU
Erica_ovina_var._ovina,CAPE,CAPE&Erica_ovina_var._ovina,1,LC
Erica_oxyandra,CAPE,CAPE&Erica_oxyandra,0,NE
Erica_oxycoccifolia,CAPE,CAPE&Erica_oxycoccifolia,1,LC
Erica_oxysepala,CAPE,CAPE&Erica_oxysepala,1,VU
Erica_pageana,CAPE,CAPE&Erica_pageana,1,LC
Erica_palliiflora,CAPE,CAPE&Erica_palliiflora,1,LC
Erica_paludicola,CAPE,CAPE&Erica_paludicola,1,VU
Erica_paniculata,CAPE,CAPE&Erica_paniculata,1,LC
Erica_pannosa,CAPE,CAPE&Erica_pannosa,1,LC
Erica_papyracea,CAPE,CAPE&Erica_papyracea,0,LC
Erica_parilis_var._parilis,CAPE,CAPE&Erica_parilis_var._parilis,1,LC
Erica_parkeri,TEA,TEA&Erica_parkeri,1,NE
Erica_parviflora_var._exigua,CAPE,CAPE&Erica_parviflora_var._exigua,0,NE
Erica_parviflora_var._inermis,CAPE,CAPE&Erica_parviflora_var._inermis,0,LC
Erica_parviflora_var._parviflora,CAPE,CAPE&Erica_parviflora_var._parviflora,1,LC
Erica_parviflora_var._ternifolia,CAPE,CAPE&Erica_parviflora_var._ternifolia,0,LC
Erica_parviporandra,CAPE,CAPE&Erica_parviporandra,1,LC
Erica_passerina,CAPE,CAPE&Erica_passerina,1,LC
Erica_passerinoides,CAPE,CAPE&Erica_passerinoides,0,EN
Erica_patens,CAPE,CAPE&Erica_patens,1,EN
Erica_patersonia,CAPE,CAPE&Erica_patersonia,1,EN
Erica_paucifolia_ssp._ciliata,CAPE,CAPE&Erica_paucifolia_ssp._ciliata,1,EN
Erica_paucifolia_ssp._paucifolia,CAPE,CAPE&Erica_paucifolia_ssp._paucifolia,0,EN
Erica_paucifolia_ssp._squarrosa,CAPE,CAPE&Erica_paucifolia_ssp._squarrosa,0,EN
Erica_pauciovulata,CAPE,CAPE&Erica_pauciovulata,1,VU
Erica_pearsoniana,CAPE,CAPE&Erica_pearsoniana,0,NE
Erica_pectinifolia_var._pectinifolia,CAPE,CAPE&Erica_pectinifolia_var._pectinifolia,1,LC
Erica_pellucida,CAPE,CAPE&Erica_pellucida,0,LC
Erica_peltata,CAPE,CAPE&Erica_peltata,1,LC
Erica_penduliflora,CAPE,CAPE&Erica_penduliflora,1,EN
Erica_penicilliformis_var._penicilliformis,CAPE,CAPE&Erica_penicilliformis_var._penicilliformis,1,LC
Erica_perhispida,TEA,TEA&Erica_perhispida,0,NE
Erica_perlata,CAPE,CAPE&Erica_perlata,1,LC
Erica_permutata,CAPE,CAPE&Erica_permutata,0,LC
Erica_perplexa,CAPE,CAPE&Erica_perplexa,1,CR
Erica_perrieri,TEA,TEA&Erica_perrieri,1,NE
Erica_perspicua_ssp._latifolia,CAPE,CAPE&Erica_perspicua_ssp._latifolia,0,VU
Erica_perspicua_ssp._perspicua,CAPE,CAPE&Erica_perspicua_ssp._perspicua,1,LC
Erica_petiolaris,CAPE,CAPE&Erica_petiolaris,1,LC
Erica_petraea,CAPE,CAPE&Erica_petraea,0,LC
Erica_petricola,CAPE,CAPE&Erica_petricola,1,LC
Erica_petrophila,CAPE,CAPE&Erica_petrophila,1,LC
Erica_petrusiana,CAPE,CAPE&Erica_petrusiana,0,CR
Erica_peziza,CAPE,CAPE&Erica_peziza,1,LC
Erica_phacelanthera,CAPE,CAPE&Erica_phacelanthera,1,LC
Erica_phaeocarpa,CAPE,CAPE&Erica_phaeocarpa,1,LC
Erica_philippioides,CAPE,CAPE&Erica_philippioides,0,LC
Erica_phillipsii,CAPE,CAPE&Erica_phillipsii,1,LC
Erica_physantha,CAPE,CAPE&Erica_physantha,1,CR
Erica_physodes,CAPE,CAPE&Erica_physodes,1,LC
Erica_physophylla,CAPE,CAPE&Erica_physophylla,1,LC
Erica_pilaarkopensis,CAPE,CAPE&Erica_pilaarkopensis,0,LC
Erica_pillansii_ssp._fervida,CAPE,CAPE&Erica_pillansii_ssp._fervida,0,VU
Erica_pillansii_ssp._pillansii,CAPE,CAPE&Erica_pillansii_ssp._pillansii,1,EN
Erica_pilosiflora_ssp._pilosiflora,CAPE,CAPE&Erica_pilosiflora_ssp._pilosiflora,1,VU
Erica_pilosiflora_ssp._purpurea,CAPE,CAPE&Erica_pilosiflora_ssp._purpurea,0,VU
Erica_pilulifera,CAPE,CAPE&Erica_pilulifera,0,VU
Erica_pinea,CAPE,CAPE&Erica_pinea,1,LC
Erica_piquetbergensis,CAPE,CAPE&Erica_piquetbergensis,1,CR
Erica_placentiflora,CAPE,CAPE&Erica_placentiflora,1,LC
Erica_planifolia_var._planifolia,CAPE,CAPE&Erica_planifolia_var._planifolia,1,LC
Erica_platycalyx,CAPE,CAPE&Erica_platycalyx,1,EN
Erica_platycodon_ssp._maderincola,EUR1,EUR1&Erica_platycodon_ssp._maderincola,1,NE
Erica_platycodon_ssp._platycodon,EUR1,EUR1&Erica_platycodon_ssp._platycodon,1,NE
Erica_plena,CAPE,CAPE&Erica_plena,1,LC
Erica_plukenetii_ssp._bredensis,CAPE,CAPE&Erica_plukenetii_ssp._bredensis,0,LC
Erica_plukenetii_ssp._breviflora,CAPE,CAPE&Erica_plukenetii_ssp._breviflora,1,LC
Erica_plukenetii_ssp._lineata,CAPE,CAPE&Erica_plukenetii_ssp._lineata,1,NT
Erica_plukenetii_ssp._penicillata,CAPE,CAPE&Erica_plukenetii_ssp._penicillata,1,LC
Erica_plukenetii_ssp._plukenetii,CAPE,CAPE&Erica_plukenetii_ssp._plukenetii,1,LC
Erica_plumigera,CAPE,CAPE&Erica_plumigera,1,LC
Erica_plumosa,CAPE,CAPE&Erica_plumosa,1,LC
Erica_podophylla,CAPE,CAPE&Erica_podophylla,1,LC
Erica_pogonanthera,CAPE,CAPE&Erica_pogonanthera,1,NE
Erica_polifolia_var._angustata,CAPE,CAPE&Erica_polifolia_var._angustata,0,NE
Erica_polycoma,CAPE,CAPE&Erica_polycoma,1,LC
Erica_praecox,CAPE,CAPE&Erica_praecox,1,NE
Erica_praenitens,CAPE,CAPE&Erica_praenitens,0,LC
Erica_priori,CAPE,CAPE&Erica_priori,0,LC
Erica_procaviana,CAPE,CAPE&Erica_procaviana,0,NE
Erica_prolata,CAPE,CAPE&Erica_prolata,1,EN
Erica_propendens,CAPE,CAPE&Erica_propendens,1,CR
Erica_propinqua,CAPE,CAPE&Erica_propinqua,1,LC
Erica_pseudocalycina,CAPE,CAPE&Erica_pseudocalycina,0,LC
Erica_psittacina,TEA,TEA&Erica_psittacina,1,EN
Erica_puberuliflora,CAPE,CAPE&Erica_puberuliflora,0,LC
Erica_pubescens_var._pubescens,CAPE,CAPE&Erica_pubescens_var._pubescens,1,LC
Erica_pubigera,CAPE,CAPE&Erica_pubigera,1,LC
Erica_pudens,CAPE,CAPE&Erica_pudens,0,LC
Erica_pulchella,CAPE,CAPE&Erica_pulchella,1,LC
Erica_pulchelliflora,CAPE,CAPE&Erica_pulchelliflora,0,NE
Erica_pulvinata,CAPE,CAPE&Erica_pulvinata,1,CR
Erica_pumila,CAPE,CAPE&Erica_pumila,0,LC
Erica_purgatoriensis,CAPE,CAPE&Erica_purgatoriensis,1,VU
Erica_pycnantha,CAPE,CAPE&Erica_pycnantha,1,LC
Erica_pyxidiflora,CAPE,CAPE&Erica_pyxidiflora,1,LC
Erica_quadrangularis,CAPE,CAPE&Erica_quadrangularis,1,LC
Erica_quadratiflora,TEA,TEA&Erica_quadratiflora,0,NE
Erica_quadrifida,CAPE,CAPE&Erica_quadrifida,1,LC
Erica_quadrisulcata,CAPE,CAPE&Erica_quadrisulcata,1,LC
Erica_racemosa_var._racemosa,CAPE,CAPE&Erica_racemosa_var._racemosa,0,LC
Erica_radicans_ssp._radicans,CAPE,CAPE&Erica_radicans_ssp._radicans,0,LC
Erica_radicans_ssp._schlechteri,CAPE,CAPE&Erica_radicans_ssp._schlechteri,1,EN
Erica_rakotozafyana,TEA,TEA&Erica_rakotozafyana,1,NE
Erica_recta,CAPE,CAPE&Erica_recta,1,LC
Erica_recurvata,CAPE,CAPE&Erica_recurvata,1,CR
Erica_recurvifolia,CAPE,CAPE&Erica_recurvifolia,1,LC
Erica_reenensis,TEA,TEA&Erica_reenensis,1,NE
Erica_regerminans,CAPE,CAPE&Erica_regerminans,1,LC
Erica_regia_ssp._mariae,CAPE,CAPE&Erica_regia_ssp._mariae,1,LC
Erica_regia_ssp._regia,CAPE,CAPE&Erica_regia_ssp._regia,1,EN
Erica_rehmii,CAPE,CAPE&Erica_rehmii,0,VU
Erica_remota,CAPE,CAPE&Erica_remota,1,CR
Erica_retorta,CAPE,CAPE&Erica_retorta,1,LC
Erica_reunionensis,TEA,TEA&Erica_reunionensis,1,NE
Erica_revoluta,TEA,TEA&Erica_revoluta,1,NE
Erica_rhodantha,CAPE,CAPE&Erica_rhodantha,0,NE
Erica_rhodopis,CAPE,CAPE&Erica_rhodopis,1,CR
Erica_rhopalantha_var._rhopalantha,CAPE,CAPE&Erica_rhopalantha_var._rhopalantha,1,LC
Erica_ribisaria,CAPE,CAPE&Erica_ribisaria,1,CR
Erica_richardii,CAPE,CAPE&Erica_richardii,0,LC
Erica_rigidula,CAPE,CAPE&Erica_rigidula,1,LC
Erica_rimarum,CAPE,CAPE&Erica_rimarum,0,LC
Erica_riparia,CAPE,CAPE&Erica_riparia,1,EN
Erica_rivularis,TEA,TEA&Erica_rivularis,1,EN
Erica_rosacea_ssp._glabrata,CAPE,CAPE&Erica_rosacea_ssp._glabrata,1,LC
Erica_rosacea_ssp._rosacea,CAPE,CAPE&Erica_rosacea_ssp._rosacea,0,LC
Erica_rossii,TEA,TEA&Erica_rossii,0,NE
Erica_rubens,CAPE,CAPE&Erica_rubens,1,LC
Erica_rubiginosa_var._caespitosa,CAPE,CAPE&Erica_rubiginosa_var._caespitosa,0,NE
Erica_rubiginosa_var._rubiginosa,CAPE,CAPE&Erica_rubiginosa_var._rubiginosa,1,LC
Erica_rudolfii,CAPE,CAPE&Erica_rudolfii,0,LC
Erica_rufescens,CAPE,CAPE&Erica_rufescens,0,LC
Erica_rugata,CAPE,CAPE&Erica_rugata,1,LC
Erica_rupicola,CAPE,CAPE&Erica_rupicola,0,NE
Erica_russakiana,CAPE,CAPE&Erica_russakiana,1,NE
Erica_rusticula,CAPE,CAPE&Erica_rusticula,1,LC
Erica_sacciflora,CAPE,CAPE&Erica_sacciflora,1,CR
Erica_sagittata,CAPE,CAPE&Erica_sagittata,1,EN
Erica_salax,CAPE,CAPE&Erica_salax,0,NE
Erica_salicina,CAPE,CAPE&Erica_salicina,0,CR
Erica_salteri,CAPE,CAPE&Erica_salteri,1,NE
Erica_saptouensis,CAPE,CAPE&Erica_saptouensis,0,LC
Erica_savilea_var._grandiflora,CAPE,CAPE&Erica_savilea_var._grandiflora,0,NE
Erica_saxicola,CAPE,CAPE&Erica_saxicola,1,LC
Erica_saxigena,CAPE,CAPE&Erica_saxigena,0,LC
Erica_scabriuscula,CAPE,CAPE&Erica_scabriuscula,0,LC
Erica_schelpeorum,CAPE,CAPE&Erica_schelpeorum,0,LC
Erica_schlechteri,CAPE,CAPE&Erica_schlechteri,0,NE
Erica_schumannii,CAPE,CAPE&Erica_schumannii,0,EN
Erica_scoparia,EUR1,EUR1&Erica_scoparia,1,NE
Erica_scytophylla,CAPE,CAPE&Erica_scytophylla,1,LC
Erica_selaginifolia,CAPE,CAPE&Erica_selaginifolia,1,LC
Erica_senilis,CAPE,CAPE&Erica_senilis,1,LC
Erica_seriphiifolia,CAPE,CAPE&Erica_seriphiifolia,0,LC
Erica_serrata,CAPE,CAPE&Erica_serrata,1,LC
Erica_sessiliflora,CAPE,CAPE&Erica_sessiliflora,1,LC
Erica_setacea,CAPE,CAPE&Erica_setacea,1,LC
Erica_setociliata,CAPE,CAPE&Erica_setociliata,0,LC
Erica_setosa,CAPE,CAPE&Erica_setosa,0,LC
Erica_setulosa,CAPE,CAPE&Erica_setulosa,0,LC
Erica_sexfaria,CAPE,CAPE&Erica_sexfaria,0,LC
Erica_shannonea,CAPE,CAPE&Erica_shannonea,1,NE
Erica_sicifolia,CAPE,CAPE&Erica_sicifolia,0,VU
Erica_sicula_ssp._sicula,EUR2,EUR2&Erica_sicula_ssp._sicula,1,NE
Erica_silvatica,TEA,TEA&Erica_silvatica,1,NE
Erica_simii,TEA,TEA&Erica_simii,1,LC
Erica_similis,CAPE,CAPE&Erica_similis,1,LC
Erica_simulans_var._simulans,CAPE,CAPE&Erica_simulans_var._simulans,1,LC
Erica_simulans_var._trivialis,CAPE,CAPE&Erica_simulans_var._trivialis,0,LC
Erica_sitiens,CAPE,CAPE&Erica_sitiens,1,LC
Erica_situshiemalis,CAPE,CAPE&Erica_situshiemalis,1,EN
Erica_sociorum,CAPE,CAPE&Erica_sociorum,1,CR
Erica_solandra,CAPE,CAPE&Erica_solandra,1,LC
Erica_sonderiana,CAPE,CAPE&Erica_sonderiana,1,LC
Erica_sparrmanni,CAPE,CAPE&Erica_sparrmanni,1,LC
Erica_sparsa_var._glandulosopedicellata,CAPE,CAPE&Erica_sparsa_var._glandulosopedicellata,0,LC
Erica_sparsa_var._sparsa,CAPE,CAPE&Erica_sparsa_var._sparsa,1,LC
Erica_spectabilis,CAPE,CAPE&Erica_spectabilis,1,LC
Erica_sperata,CAPE,CAPE&Erica_sperata,1,LC
Erica_sphaerocephala,CAPE,CAPE&Erica_sphaerocephala,1,LC
Erica_spiculifolia,EUR1,EUR1&Erica_spiculifolia,1,NE
Erica_spinifera,TEA,TEA&Erica_spinifera,1,NE
Erica_spumosa,CAPE,CAPE&Erica_spumosa,1,LC
Erica_squarrosa,CAPE,CAPE&Erica_squarrosa,1,VU
Erica_stagnalis_ssp._minor,CAPE,CAPE&Erica_stagnalis_ssp._minor,1,NE
Erica_stagnalis_ssp._stagnalis,CAPE,CAPE&Erica_stagnalis_ssp._stagnalis,1,LC
Erica_steinbergiana_var._steinbergiana,CAPE,CAPE&Erica_steinbergiana_var._steinbergiana,1,LC
Erica_stenantha,CAPE,CAPE&Erica_stenantha,0,LC
Erica_stokoeanthus,CAPE,CAPE&Erica_stokoeanthus,1,VU
Erica_stokoei,CAPE,CAPE&Erica_stokoei,1,LC
Erica_straussiana,TEA,TEA&Erica_straussiana,1,NE
Erica_strigilifolia_var._rosea,CAPE,CAPE&Erica_strigilifolia_var._rosea,0,NE
Erica_strigilifolia_var._strigilifolia,CAPE,CAPE&Erica_strigilifolia_var._strigilifolia,1,LC
Erica_strigosa,CAPE,CAPE&Erica_strigosa,1,LC
Erica_stylaris,CAPE,CAPE&Erica_stylaris,1,VU
Erica_subcapitata,CAPE,CAPE&Erica_subcapitata,1,LC
Erica_subdivaricata,CAPE,CAPE&Erica_subdivaricata,1,LC
Erica_subimbricata,CAPE,CAPE&Erica_subimbricata,0,NE
Erica_subulata,CAPE,CAPE&Erica_subulata,1,LC
Erica_subverticillaris,TEA,TEA&Erica_subverticillaris,1,VU
Erica_suffulta,CAPE,CAPE&Erica_suffulta,0,LC
Erica_swaziensis,TEA,TEA&Erica_swaziensis,1,NE
Erica_sylvainiana,TEA,TEA&Erica_sylvainiana,0,NE
Erica_syngenesia,CAPE,CAPE&Erica_syngenesia,0,LC
Erica_tarantulae,CAPE,CAPE&Erica_tarantulae,0,VU
Erica_taxifolia,CAPE,CAPE&Erica_taxifolia,0,LC
Erica_taylorii,CAPE,CAPE&Erica_taylorii,0,LC
Erica_tegetiformis,CAPE,CAPE&Erica_tegetiformis,0,LC
Erica_tegulifolia,CAPE,CAPE&Erica_tegulifolia,1,LC
Erica_tenella_var._gracilior,CAPE,CAPE&Erica_tenella_var._gracilior,0,NE
Erica_tenella_var._tenella,CAPE,CAPE&Erica_tenella_var._tenella,1,LC
Erica_tenuicaulis,CAPE,CAPE&Erica_tenuicaulis,0,LC
Erica_tenuifolia,CAPE,CAPE&Erica_tenuifolia,0,LC
Erica_tenuipes,CAPE,CAPE&Erica_tenuipes,0,LC
Erica_tenuis,CAPE,CAPE&Erica_tenuis,1,LC
Erica_terminalis,EUR1,EUR1&Erica_terminalis,1,NE
Erica_terniflora,CAPE,CAPE&Erica_terniflora,0,LC
Erica_tetragona,CAPE,CAPE&Erica_tetragona,0,LC
Erica_tetralix,EUR1,EUR1&Erica_tetralix,1,NE
Erica_tetrathecoides,CAPE,CAPE&Erica_tetrathecoides,1,VU
Erica_thamnoides,CAPE,CAPE&Erica_thamnoides,1,LC
Erica_thimifolia,CAPE,CAPE&Erica_thimifolia,1,LC
Erica_thodei,TEA,TEA&Erica_thodei,1,NE
Erica_thomae,CAPE,CAPE&Erica_thomae,1,LC
Erica_thomensis,TEA,TEA&Erica_thomensis,1,CR
Erica_thunbergii_var._thunbergii,CAPE,CAPE&Erica_thunbergii_var._thunbergii,1,LC
Erica_tomentosa,CAPE,CAPE&Erica_tomentosa,1,LC
Erica_toringbergensis,CAPE,CAPE&Erica_toringbergensis,1,NE
Erica_totta,CAPE,CAPE&Erica_totta,1,LC
Erica_trachysantha,CAPE,CAPE&Erica_trachysantha,0,LC
Erica_tradouwensis,CAPE,CAPE&Erica_tradouwensis,1,LC
Erica_tragomontana,CAPE,CAPE&Erica_tragomontana,0,VU
Erica_tragulifera,CAPE,CAPE&Erica_tragulifera,0,LC
Erica_transparens,CAPE,CAPE&Erica_transparens,1,LC
Erica_triceps,CAPE,CAPE&Erica_triceps,0,LC
Erica_trichadenia,CAPE,CAPE&Erica_trichadenia,0,LC
Erica_trichoclada,TEA,TEA&Erica_trichoclada,0,NE
Erica_trichophora,CAPE,CAPE&Erica_trichophora,1,NE
Erica_trichophylla,CAPE,CAPE&Erica_trichophylla,1,EN
Erica_trichostigma,CAPE,CAPE&Erica_trichostigma,0,CR
Erica_trichroma_var._trichroma,CAPE,CAPE&Erica_trichroma_var._trichroma,1,LC
Erica_triflora_var._triflora,CAPE,CAPE&Erica_triflora_var._triflora,1,LC
Erica_trimera_ssp._abyssinica,TRIM,TRIM&Erica_trimera_ssp._abyssinica,0,NE
Erica_trimera_ssp._elgonensis,TRIM,TRIM&Erica_trimera_ssp._elgonensis,0,NE
Erica_trimera_ssp._keniensis,TRIM,TRIM&Erica_trimera_ssp._keniensis,1,NE
Erica_trimera_ssp._kilimanjarica,TRIM,TRIM&Erica_trimera_ssp._kilimanjarica,0,NE
Erica_trimera_ssp._meruensis,TRIM,TRIM&Erica_trimera_ssp._meruensis,0,NE
Erica_trimera_ssp._trimera,TRIM,TRIM&Erica_trimera_ssp._trimera,1,NE
Erica_tristis,CAPE,CAPE&Erica_tristis,1,LC
Erica_truncata,CAPE,CAPE&Erica_truncata,0,NE
Erica_tubercularis,CAPE,CAPE&Erica_tubercularis,0,NE
Erica_tumida_var._minor,CAPE,CAPE&Erica_tumida_var._minor,0,LC
Erica_tumida_var._tumida,CAPE,CAPE&Erica_tumida_var._tumida,1,LC
Erica_turgida,CAPE,CAPE&Erica_turgida,1,CR
Erica_turneri,CAPE,CAPE&Erica_turneri,1,VU
Erica_turrisbabylonica,CAPE,CAPE&Erica_turrisbabylonica,0,VU
Erica_uberiflora,CAPE,CAPE&Erica_uberiflora,1,LC
Erica_umbellata,EUR3,EUR3&Erica_umbellata,1,NE
Erica_umbelliflora,CAPE,CAPE&Erica_umbelliflora,1,LC
Erica_umbratica,CAPE,CAPE&Erica_umbratica,1,LC
Erica_umbrosa,CAPE,CAPE&Erica_umbrosa,0,NE
Erica_unicolor_ssp._georgensis,CAPE,CAPE&Erica_unicolor_ssp._georgensis,1,LC
Erica_unicolor_ssp._mutica,CAPE,CAPE&Erica_unicolor_ssp._mutica,1,EN
Erica_unicolor_ssp._unicolor,CAPE,CAPE&Erica_unicolor_ssp._unicolor,1,LC
Erica_unilateralis,CAPE,CAPE&Erica_unilateralis,1,LC
Erica_urceolata,CAPE,CAPE&Erica_urceolata,1,LC
Erica_urna_viridis,CAPE,CAPE&Erica_urna_viridis,1,LC
Erica_ustulescens,CAPE,CAPE&Erica_ustulescens,1,CR
Erica_utriculosa,CAPE,CAPE&Erica_utriculosa,1,LC
Erica_uysii,CAPE,CAPE&Erica_uysii,1,VU
Erica_vagans,EUR1,EUR1&Erica_vagans,1,LC
Erica_valida,CAPE,CAPE&Erica_valida,0,LC
Erica_vallis_aranearum,CAPE,CAPE&Erica_vallis_aranearum,1,CR
Erica_vallis_fluminis,CAPE,CAPE&Erica_vallis_fluminis,1,LC
Erica_vallis_gratiae,CAPE,CAPE&Erica_vallis_gratiae,0,LC
Erica_varderi,CAPE,CAPE&Erica_varderi,0,NE
Erica_velatiflora,CAPE,CAPE&Erica_velatiflora,1,VU
Erica_ventricosa_var._ventricosa,CAPE,CAPE&Erica_ventricosa_var._ventricosa,1,LC
Erica_venustiflora_ssp._glandulosa,CAPE,CAPE&Erica_venustiflora_ssp._glandulosa,1,VU
Erica_venustiflora_ssp._venustiflora,CAPE,CAPE&Erica_venustiflora_ssp._venustiflora,0,EN
Erica_verecunda,CAPE,CAPE&Erica_verecunda,1,LC
Erica_vernicosa,CAPE,CAPE&Erica_vernicosa,1,LC
Erica_versicolor,CAPE,CAPE&Erica_versicolor,1,LC
Erica_verticillata,CAPE,CAPE&Erica_verticillata,1,CR
Erica_vestita,CAPE,CAPE&Erica_vestita,1,LC
Erica_viguieri,TEA,TEA&Erica_viguieri,0,NE
Erica_villosa,CAPE,CAPE&Erica_villosa,1,LC
Erica_virginalis,CAPE,CAPE&Erica_virginalis,0,LC
Erica_viridiflora_ssp._primulina,CAPE,CAPE&Erica_viridiflora_ssp._primulina,0,LC
Erica_viridiflora_ssp._redacta,CAPE,CAPE&Erica_viridiflora_ssp._redacta,0,EN
Erica_viridiflora_ssp._viridiflora,CAPE,CAPE&Erica_viridiflora_ssp._viridiflora,1,LC
Erica_viridimontana_ssp._nivicola,CAPE,CAPE&Erica_viridimontana_ssp._nivicola,0,NE
Erica_viridimontana_ssp._viridimontana,CAPE,CAPE&Erica_viridimontana_ssp._viridimontana,1,CR
Erica_viscaria_ssp._gallorum,CAPE,CAPE&Erica_viscaria_ssp._gallorum,0,CR
Erica_viscaria_ssp._longifolia,CAPE,CAPE&Erica_viscaria_ssp._longifolia,1,LC
Erica_viscaria_ssp._macrosepala,CAPE,CAPE&Erica_viscaria_ssp._macrosepala,1,LC
Erica_viscaria_ssp._pendula,CAPE,CAPE&Erica_viscaria_ssp._pendula,1,VU
Erica_viscaria_ssp._pustulata,CAPE,CAPE&Erica_viscaria_ssp._pustulata,0,VU
Erica_viscaria_ssp._viscaria,CAPE,CAPE&Erica_viscaria_ssp._viscaria,1,LC
Erica_viscidiflora,CAPE,CAPE&Erica_viscidiflora,0,NE
Erica_viscosissima,CAPE,CAPE&Erica_viscosissima,0,VU
Erica_vlokii,CAPE,CAPE&Erica_vlokii,1,VU
Erica_vogelpoelii,CAPE,CAPE&Erica_vogelpoelii,1,LC
Erica_walkeria_var._praestans,CAPE,CAPE&Erica_walkeria_var._praestans,0,LC
Erica_walkeria_var._walkeria,CAPE,CAPE&Erica_walkeria_var._walkeria,1,LC
Erica_wangfatiana,TEA,TEA&Erica_wangfatiana,0,NE
Erica_wendlandiana,CAPE,CAPE&Erica_wendlandiana,1,LC
Erica_whyteana,TEA,TEA&Erica_whyteana,1,NE
Erica_wildii,TEA,TEA&Erica_wildii,0,LC
Erica_williamsiorum,CAPE,CAPE&Erica_williamsiorum,0,VU
Erica_winteri,CAPE,CAPE&Erica_winteri,0,LC
Erica_wittebergensis,CAPE,CAPE&Erica_wittebergensis,0,LC
Erica_woodii_ssp._platyura,TEA,TEA&Erica_woodii_ssp._platyura,0,NE
Erica_woodii_ssp._woodii,TEA,TEA&Erica_woodii_ssp._woodii,1,NE
Erica_wyliei,TEA,TEA&Erica_wyliei,0,LC
Erica_xanthina,CAPE,CAPE&Erica_xanthina,0,LC
Erica_xeranthemifolia,CAPE,CAPE&Erica_xeranthemifolia,0,CR
Erica_zebrensis,CAPE,CAPE&Erica_zebrensis,1,EN
Erica_zeyheriana,CAPE,CAPE&Erica_zeyheriana,1,VU
Erica_zwartbergensis,CAPE,CAPE&Erica_zwartbergensis,1,LC
